method,sample_id,input_type,input_image,input_keypoints,prediction_dir,returncode,elapsed_sec,num_pred_files,num_npz,num_ply,status,log_path
SHAPY,img_00,image,/workspace/evaluation/shapy/shapy_input/images/img_00.jpg,/workspace/evaluation/shapy/shapy_input/openpose/img_00.json,/workspace/evaluation/shapy/predictions_shapy/img_00,0,37.07257318496704,2,1,1,ok,/workspace/evaluation/shapy/logs/shapy_image_run_img_00.log
SHAPY,img_01,image,/workspace/evaluation/shapy/shapy_input/images/img_01.jpg,/workspace/evaluation/shapy/shapy_input/openpose/img_01.json,/workspace/evaluation/shapy/predictions_shapy/img_01,0,26.868605613708496,2,1,1,ok,/workspace/evaluation/shapy/logs/shapy_image_run_img_01.log
SHAPY,img_02,image,/workspace/evaluation/shapy/shapy_input/images/img_02.jpg,/workspace/evaluation/shapy/shapy_input/openpose/img_02.json,/workspace/evaluation/shapy/predictions_shapy/img_02,0,29.355066537857056,2,1,1,ok,/workspace/evaluation/shapy/logs/shapy_image_run_img_02.log
SHAPY,img_03,image,/workspace/evaluation/shapy/shapy_input/images/img_03.jpg,/workspace/evaluation/shapy/shapy_input/openpose/img_03.json,/workspace/evaluation/shapy/predictions_shapy/img_03,0,16.901036977767944,2,1,1,ok,/workspace/evaluation/shapy/logs/shapy_image_run_img_03.log
SHAPY,img_04,image,/workspace/evaluation/shapy/shapy_input/images/img_04.jpg,/workspace/evaluation/shapy/shapy_input/openpose/img_04.json,/workspace/evaluation/shapy/predictions_shapy/img_04,0,26.613699913024902,2,1,1,ok,/workspace/evaluation/shapy/logs/shapy_image_run_img_04.log
SHAPY,img_05,image,/workspace/evaluation/shapy/shapy_input/images/img_05.jpg,/workspace/evaluation/shapy/shapy_input/openpose/img_05.json,/workspace/evaluation/shapy/predictions_shapy/img_05,0,22.102099180221558,2,1,1,ok,/workspace/evaluation/shapy/logs/shapy_image_run_img_05.log
SHAPY,img_06,image,/workspace/evaluation/shapy/shapy_input/images/img_06.jpg,/workspace/evaluation/shapy/shapy_input/openpose/img_06.json,/workspace/evaluation/shapy/predictions_shapy/img_06,0,16.76355266571045,2,1,1,ok,/workspace/evaluation/shapy/logs/shapy_image_run_img_06.log
SHAPY,img_07,image,/workspace/evaluation/shapy/shapy_input/images/img_07.jpg,/workspace/evaluation/shapy/shapy_input/openpose/img_07.json,/workspace/evaluation/shapy/predictions_shapy/img_07,0,20.190969944000244,2,1,1,ok,/workspace/evaluation/shapy/logs/shapy_image_run_img_07.log
SHAPY,img_08,image,/workspace/evaluation/shapy/shapy_input/images/img_08.jpg,/workspace/evaluation/shapy/shapy_input/openpose/img_08.json,/workspace/evaluation/shapy/predictions_shapy/img_08,0,21.55513906478882,2,1,1,ok,/workspace/evaluation/shapy/logs/shapy_image_run_img_08.log
SHAPY,img_09,image,/workspace/evaluation/shapy/shapy_input/images/img_09.jpg,/workspace/evaluation/shapy/shapy_input/openpose/img_09.json,/workspace/evaluation/shapy/predictions_shapy/img_09,0,20.915706157684326,2,1,1,ok,/workspace/evaluation/shapy/logs/shapy_image_run_img_09.log
SHAPY,img_10,image,/workspace/evaluation/shapy/shapy_input/images/img_10.jpg,/workspace/evaluation/shapy/shapy_input/openpose/img_10.json,/workspace/evaluation/shapy/predictions_shapy/img_10,0,20.48978352546692,2,1,1,ok,/workspace/evaluation/shapy/logs/shapy_image_run_img_10.log
SHAPY,img_11,image,/workspace/evaluation/shapy/shapy_input/images/img_11.jpg,/workspace/evaluation/shapy/shapy_input/openpose/img_11.json,/workspace/evaluation/shapy/predictions_shapy/img_11,0,21.169138431549072,2,1,1,ok,/workspace/evaluation/shapy/logs/shapy_image_run_img_11.log
SHAPY,img_12,image,/workspace/evaluation/shapy/shapy_input/images/img_12.jpg,/workspace/evaluation/shapy/shapy_input/openpose/img_12.json,/workspace/evaluation/shapy/predictions_shapy/img_12,0,23.850870847702026,2,1,1,ok,/workspace/evaluation/shapy/logs/shapy_image_run_img_12.log
SHAPY,img_13,image,/workspace/evaluation/shapy/shapy_input/images/img_13.jpg,/workspace/evaluation/shapy/shapy_input/openpose/img_13.json,/workspace/evaluation/shapy/predictions_shapy/img_13,0,22.54919123649597,2,1,1,ok,/workspace/evaluation/shapy/logs/shapy_image_run_img_13.log
SHAPY,img_14,image,/workspace/evaluation/shapy/shapy_input/images/img_14.jpg,/workspace/evaluation/shapy/shapy_input/openpose/img_14.json,/workspace/evaluation/shapy/predictions_shapy/img_14,0,23.836852312088013,2,1,1,ok,/workspace/evaluation/shapy/logs/shapy_image_run_img_14.log
SHAPY,img_15,image,/workspace/evaluation/shapy/shapy_input/images/img_15.jpg,/workspace/evaluation/shapy/shapy_input/openpose/img_15.json,/workspace/evaluation/shapy/predictions_shapy/img_15,0,16.152265548706055,2,1,1,ok,/workspace/evaluation/shapy/logs/shapy_image_run_img_15.log
SHAPY,img_16,image,/workspace/evaluation/shapy/shapy_input/images/img_16.jpg,/workspace/evaluation/shapy/shapy_input/openpose/img_16.json,/workspace/evaluation/shapy/predictions_shapy/img_16,0,26.501261949539185,2,1,1,ok,/workspace/evaluation/shapy/logs/shapy_image_run_img_16.log
SHAPY,img_17,image,/workspace/evaluation/shapy/shapy_input/images/img_17.jpg,/workspace/evaluation/shapy/shapy_input/openpose/img_17.json,/workspace/evaluation/shapy/predictions_shapy/img_17,0,16.854491472244263,2,1,1,ok,/workspace/evaluation/shapy/logs/shapy_image_run_img_17.log
SHAPY,img_18,image,/workspace/evaluation/shapy/shapy_input/images/img_18.jpg,/workspace/evaluation/shapy/shapy_input/openpose/img_18.json,/workspace/evaluation/shapy/predictions_shapy/img_18,0,26.39296269416809,2,1,1,ok,/workspace/evaluation/shapy/logs/shapy_image_run_img_18.log
SHAPY,img_19,image,/workspace/evaluation/shapy/shapy_input/images/img_19.jpg,/workspace/evaluation/shapy/shapy_input/openpose/img_19.json,/workspace/evaluation/shapy/predictions_shapy/img_19,0,22.64819073677063,2,1,1,ok,/workspace/evaluation/shapy/logs/shapy_image_run_img_19.log
SHAPY,img_20,image,/workspace/evaluation/shapy/shapy_input/images/img_20.jpg,/workspace/evaluation/shapy/shapy_input/openpose/img_20.json,/workspace/evaluation/shapy/predictions_shapy/img_20,0,24.510457754135132,2,1,1,ok,/workspace/evaluation/shapy/logs/shapy_image_run_img_20.log
SHAPY,img_21,image,/workspace/evaluation/shapy/shapy_input/images/img_21.jpg,/workspace/evaluation/shapy/shapy_input/openpose/img_21.json,/workspace/evaluation/shapy/predictions_shapy/img_21,0,22.478523015975952,2,1,1,ok,/workspace/evaluation/shapy/logs/shapy_image_run_img_21.log
