method,sample_id,input_type,status_from_inference,input_image,input_keypoints,pred_npz,pred_mesh,elapsed_sec,gt_free_metrics_status,gt_free_metrics_error,image_width_px,image_height_px,image_area_px,npz_loaded_flag,npz_num_keys,npz_keys,num_vertices,num_faces,vertices_finite_ratio,faces_finite_ratio,bbox_size_x_m,bbox_size_y_m,bbox_size_z_m,bbox_diagonal_m,bbox_volume_m3,estimated_height_m,estimated_body_width_m,estimated_body_depth_m,height_plausible_flag,width_plausible_flag,depth_plausible_flag,bbox_plausibility_score,surface_area_m2,signed_volume_m3,watertight_volume_m3,is_watertight,euler_number,connected_components,unique_edge_length_mean,unique_edge_length_std,unique_edge_length_min,unique_edge_length_max,triangle_area_mean,triangle_area_std,triangle_area_min,triangle_area_max,degenerate_face_ratio,mesh_source,num_pred_joints_3d,joints_3d_finite_ratio,joints_3d_bbox_size_x,joints_3d_bbox_size_y,joints_3d_bbox_size_z,joints_3d_bbox_diagonal,joints_3d_mean_norm,betas_count,betas_finite_ratio,betas_l2_norm,betas_abs_mean,betas_abs_max,betas_std,betas_broad_plausible_flag,camera_count,camera_finite_ratio,camera_l2_norm,camera_abs_max,camera_scale_or_s,transl_count,transl_finite_ratio,transl_l2_norm,global_rot_count,global_rot_orth_error_mean,global_rot_orth_error_max,global_rot_det_mean,global_rot_det_std,global_rot_det_abs_error_mean,global_rot_valid_rate,body_pose_rot_count,body_pose_rot_orth_error_mean,body_pose_rot_orth_error_max,body_pose_rot_det_mean,body_pose_rot_det_std,body_pose_rot_det_abs_error_mean,body_pose_rot_valid_rate,openpose_loaded_flag,openpose_error,openpose_num_keypoints,openpose_visible_keypoints,openpose_visibility_ratio,openpose_conf_mean_all,openpose_conf_mean_visible,openpose_bbox_width_px,openpose_bbox_height_px,openpose_bbox_diag_px,openpose_bbox_area_ratio,pred_proj_num_joints,pred_proj_finite_ratio,pred_proj_inside_image_ratio,openpose_reprojection_proxy_valid_pairs,openpose_reprojection_proxy_px_mean,openpose_reprojection_proxy_px_median,openpose_reprojection_proxy_px_p90,openpose_reprojection_proxy_norm_by_bbox_mean,openpose_reprojection_proxy_pck_05_bbox,openpose_reprojection_proxy_pck_10_bbox
SHAPY,img_00,image,ok,/workspace/evaluation/shapy/shapy_input/images/img_00.jpg,/workspace/evaluation/shapy/shapy_input/openpose/img_00.json,/workspace/evaluation/shapy/predictions_shapy/img_00/img_00.npz,/workspace/evaluation/shapy/predictions_shapy/img_00/img_00.ply,37.07257318496704,ok,,300,450,135000.0,1.0,19,"betas,body_pose,camera,center,faces,fname,focal_length_in_mm,focal_length_in_px,global_rot,joints,proj_joints,raw_body_pose,raw_global_rot,sensor_width,shift_x,shift_y,transl,v_shaped,vertices",10475,20908,1.0,1.0,0.6817350089550018,1.6052724123001099,0.7235916256904602,1.8881861616101452,0.7918772585617836,1.6052724123001099,0.6817350089550018,0.7235916256904602,1.0,1.0,1.0,1.0,1.7120602175368391,0.06391650950194176,,0.0,5.0,3,0.011444860385839485,0.00973177425320267,0.00021187710424350545,0.06392983243860285,8.18854131211421e-05,0.0001137564187448339,6.427367454845651e-08,0.0008654437276945348,0.0,npz_vertices_faces,123,1.0,0.6437509953975677,1.516166865825653,0.5687946490943432,1.7426143181844054,0.8131372019436933,10,1.0,1.5989371801722898,0.35884503573179244,1.1115375757217407,0.40111495754566884,1.0,3,1.0,0.4347030617653773,0.3374060392379761,0.14869092404842377,3,1.0,27.979201153970173,1,2.7678824368197317e-08,2.7678824368197317e-08,0.9999999861506998,0.0,1.384930015113639e-08,1.0,21,1.4519137420551865e-07,2.728384531797042e-07,1.0000000038730636,1.1290094241350885e-07,9.301053397311623e-08,1.0,1.0,,25,25,1.0,0.7399565199999999,0.7399565199999999,97.59080000000002,382.6316,394.88087515502696,0.27660239962429634,123,1.0,0.0,25,291.8130593747556,268.8726340489069,454.77640209655425,0.7389901049530248,0.0,0.0
SHAPY,img_01,image,ok,/workspace/evaluation/shapy/shapy_input/images/img_01.jpg,/workspace/evaluation/shapy/shapy_input/openpose/img_01.json,/workspace/evaluation/shapy/predictions_shapy/img_01/img_01.npz,/workspace/evaluation/shapy/predictions_shapy/img_01/img_01.ply,26.868605613708496,ok,,300,450,135000.0,1.0,19,"betas,body_pose,camera,center,faces,fname,focal_length_in_mm,focal_length_in_px,global_rot,joints,proj_joints,raw_body_pose,raw_global_rot,sensor_width,shift_x,shift_y,transl,v_shaped,vertices",10475,20908,1.0,1.0,0.649197518825531,1.59787118434906,0.7244342863559723,1.8706829703267147,0.7514803220027121,1.59787118434906,0.649197518825531,0.7244342863559723,1.0,1.0,1.0,1.0,1.7607393327907503,0.06740540550552716,,0.0,5.0,3,0.011575217841346283,0.009880698944685629,0.00021908832832237486,0.06520488971067137,8.421366619431559e-05,0.00011764116126078293,6.425995705841513e-08,0.0009006905551230063,0.0,npz_vertices_faces,123,1.0,0.5939059555530548,1.5087078213691711,0.5740215368568897,1.720007063670799,0.8203185550304573,10,1.0,1.2947271317114377,0.31983672119677065,0.7181200981140137,0.3357513087422492,1.0,3,1.0,0.6951710926026986,0.4867045283317566,0.13400104641914368,3,1.0,36.26073111260761,1,1.902013009465763e-07,1.902013009465763e-07,0.9999998824966209,0.0,1.1750337913785103e-07,1.0,21,1.227427066614578e-07,2.549544525712334e-07,1.0000000072945328,9.451901426924982e-08,7.887038146919558e-08,1.0,1.0,,25,25,1.0,0.74389332,0.74389332,116.30699999999999,298.894,320.7256483117619,0.2575071441333333,123,1.0,0.0,25,299.0219182810558,281.0501461683681,419.375213910861,0.9323292971892008,0.0,0.0
SHAPY,img_02,image,ok,/workspace/evaluation/shapy/shapy_input/images/img_02.jpg,/workspace/evaluation/shapy/shapy_input/openpose/img_02.json,/workspace/evaluation/shapy/predictions_shapy/img_02/img_02.npz,/workspace/evaluation/shapy/predictions_shapy/img_02/img_02.ply,29.355066537857056,ok,,300,450,135000.0,1.0,19,"betas,body_pose,camera,center,faces,fname,focal_length_in_mm,focal_length_in_px,global_rot,joints,proj_joints,raw_body_pose,raw_global_rot,sensor_width,shift_x,shift_y,transl,v_shaped,vertices",10475,20908,1.0,1.0,0.6274728178977966,1.393012821674347,0.6796106100082397,1.672147553233715,0.5940324656961188,1.393012821674347,0.6274728178977966,0.6796106100082397,1.0,1.0,1.0,1.0,1.802954035831883,0.06972215668181013,,0.0,5.0,3,0.01171385997644758,0.010153790305488278,0.00020765037754297733,0.06786637887753628,8.623273559555591e-05,0.0001239799841987988,6.552803032716296e-08,0.000898974449257098,0.0,npz_vertices_faces,123,1.0,0.5737566947937012,1.2954475283622742,0.5533059388399124,1.5210287655123536,0.782432992188705,10,1.0,1.4363076080476944,0.34947806857526303,0.7723833322525024,0.37426728973187173,1.0,3,1.0,0.4636216916439509,0.38969987630844116,-0.38969987630844116,3,1.0,53.74177492446036,1,1.464331180166208e-07,1.464331180166208e-07,0.9999999470011655,0.0,5.2998834543238615e-08,1.0,21,1.3044474727062997e-07,3.3200484416455013e-07,0.9999999839944325,1.015418247826974e-07,8.177118399859446e-08,1.0,1.0,,25,25,1.0,0.7348177200000001,0.7348177200000001,102.61519999999999,296.384,313.64526893776036,0.22528521064296295,123,1.0,0.024390243902439025,25,319.23729050785437,308.7610254721747,442.85428615821115,1.0178291277564389,0.0,0.0
SHAPY,img_03,image,ok,/workspace/evaluation/shapy/shapy_input/images/img_03.jpg,/workspace/evaluation/shapy/shapy_input/openpose/img_03.json,/workspace/evaluation/shapy/predictions_shapy/img_03/img_03.npz,/workspace/evaluation/shapy/predictions_shapy/img_03/img_03.ply,16.901036977767944,ok,,300,540,162000.0,1.0,19,"betas,body_pose,camera,center,faces,fname,focal_length_in_mm,focal_length_in_px,global_rot,joints,proj_joints,raw_body_pose,raw_global_rot,sensor_width,shift_x,shift_y,transl,v_shaped,vertices",10475,20908,1.0,1.0,0.6539100110530853,1.6548056602478027,0.7359118163585663,1.9254989683715171,0.7963257518731461,1.6548056602478027,0.6539100110530853,0.7359118163585663,1.0,1.0,1.0,1.0,1.7551433901554985,0.06671678291426099,,0.0,5.0,3,0.011556218465806706,0.009834266190556728,0.0002055168524600549,0.06405604325054705,8.394602019109902e-05,0.00011666511447796986,6.45099777745362e-08,0.000897048327956718,0.0,npz_vertices_faces,123,1.0,0.6156631410121918,1.5654504895210266,0.5756808668375015,1.77794398077819,0.806157765874745,10,1.0,1.461888343256254,0.3853235300630331,0.6894614100456238,0.3408187534976152,1.0,3,1.0,0.31917399215534004,0.24148190021514893,-0.2036660611629486,3,1.0,35.21774966388172,1,2.3139561381162725e-07,2.3139561381162725e-07,0.9999998238331045,0.0,1.7616689551580578e-07,1.0,21,1.4266167038640886e-07,3.203593333849034e-07,0.9999999852056549,9.680789991469907e-08,7.444427442218494e-08,1.0,1.0,,25,25,1.0,0.7646105599999999,0.7646105599999999,155.70999999999998,395.09,424.6665894557753,0.37974977716049374,123,1.0,0.024390243902439025,25,357.26619350476204,322.7713117705275,518.2259142270391,0.8412863229071326,0.0,0.0
SHAPY,img_04,image,ok,/workspace/evaluation/shapy/shapy_input/images/img_04.jpg,/workspace/evaluation/shapy/shapy_input/openpose/img_04.json,/workspace/evaluation/shapy/predictions_shapy/img_04/img_04.npz,/workspace/evaluation/shapy/predictions_shapy/img_04/img_04.ply,26.613699913024902,ok,,300,450,135000.0,1.0,19,"betas,body_pose,camera,center,faces,fname,focal_length_in_mm,focal_length_in_px,global_rot,joints,proj_joints,raw_body_pose,raw_global_rot,sensor_width,shift_x,shift_y,transl,v_shaped,vertices",10475,20908,1.0,1.0,0.7224491536617279,1.5942326784133911,0.7547548413276672,1.9060864311607788,0.8692904351877632,1.5942326784133911,0.7224491536617279,0.7547548413276672,1.0,1.0,1.0,1.0,1.7308198723840715,0.06531141463778169,,0.0,5.0,3,0.01149740769142553,0.00978993201412151,0.00020910761236306685,0.06450945135830678,8.27826608180635e-05,0.00011526016512020578,6.144941340867111e-08,0.0008768397484242723,0.0,npz_vertices_faces,123,1.0,0.6896260678768158,1.503967970609665,0.5923299565911293,1.7573726262777174,0.8106240550317284,10,1.0,1.5436146612433084,0.3644281953573227,1.0287531614303589,0.383281211180341,1.0,3,1.0,0.3020157689105705,0.21474097669124603,-0.14897704124450684,3,1.0,39.951768639139026,1,6.90560177906397e-08,6.90560177906397e-08,1.0000000205393436,0.0,2.0539343559278223e-08,1.0,21,1.1090409689472967e-07,3.099372395275045e-07,0.9999999662495892,8.251748392295426e-08,6.70484583779422e-08,1.0,1.0,,25,14,0.56,0.32163376,0.574346,86.29899999999999,331.396,342.4482825435105,0.2118455066962963,123,1.0,0.0,14,312.43846510721977,309.87821006949684,433.8148376102551,0.9123668624838912,0.0,0.0
SHAPY,img_05,image,ok,/workspace/evaluation/shapy/shapy_input/images/img_05.jpg,/workspace/evaluation/shapy/shapy_input/openpose/img_05.json,/workspace/evaluation/shapy/predictions_shapy/img_05/img_05.npz,/workspace/evaluation/shapy/predictions_shapy/img_05/img_05.ply,22.10209918022156,ok,,300,450,135000.0,1.0,19,"betas,body_pose,camera,center,faces,fname,focal_length_in_mm,focal_length_in_px,global_rot,joints,proj_joints,raw_body_pose,raw_global_rot,sensor_width,shift_x,shift_y,transl,v_shaped,vertices",10475,20908,1.0,1.0,0.6208681464195251,1.600698709487915,0.7066280841827393,1.8566197411291474,0.702263129966248,1.600698709487915,0.6208681464195251,0.7066280841827393,1.0,1.0,1.0,1.0,1.7542724373693055,0.06661378385964399,,0.0,5.0,3,0.011556136193602896,0.009867174830962121,0.0002158669197376799,0.06496010114112187,8.390436375403221e-05,0.00011721426730600205,6.566902146130657e-08,0.0008961072133679017,0.0,npz_vertices_faces,123,1.0,0.5692259073257446,1.5114657878875732,0.5598876848816872,1.7093920501767859,0.8105993444412899,10,1.0,1.3132524713570732,0.3120614618062973,0.794335126876831,0.34965960875534435,1.0,3,1.0,0.6365444401662317,0.4812401235103607,0.10431353747844696,3,1.0,34.27059251046189,1,1.4161990616160216e-07,1.4161990616160216e-07,1.000000026617965,0.0,2.661796494329849e-08,1.0,21,1.465766240062895e-07,2.2922858485095357e-07,0.9999999677261178,8.706967076143863e-08,7.455266482994528e-08,1.0,1.0,,25,25,1.0,0.6479688,0.6479688,131.3866,320.18,346.0891085537943,0.31161008583703703,123,1.0,0.0,25,311.1937243304395,291.92662645311776,441.11522181290195,0.8991722554657312,0.0,0.0
SHAPY,img_06,image,ok,/workspace/evaluation/shapy/shapy_input/images/img_06.jpg,/workspace/evaluation/shapy/shapy_input/openpose/img_06.json,/workspace/evaluation/shapy/predictions_shapy/img_06/img_06.npz,/workspace/evaluation/shapy/predictions_shapy/img_06/img_06.ply,16.76355266571045,ok,,300,463,138900.0,1.0,19,"betas,body_pose,camera,center,faces,fname,focal_length_in_mm,focal_length_in_px,global_rot,joints,proj_joints,raw_body_pose,raw_global_rot,sensor_width,shift_x,shift_y,transl,v_shaped,vertices",10475,20908,1.0,1.0,0.6134333610534668,1.5900540351867676,0.688712865114212,1.8381778297653637,0.6717651505158198,1.5900540351867676,0.6134333610534668,0.688712865114212,1.0,1.0,1.0,1.0,1.6913901911446827,0.06271745792549269,,0.0,5.0,3,0.01137916795008733,0.009663496270536656,0.0002166412417899235,0.0634030856975956,8.089679506144456e-05,0.00011223720617723201,6.556691469994565e-08,0.0008565968491640122,0.0,npz_vertices_faces,123,1.0,0.574041098356247,1.5023613572120667,0.5329684019088745,1.6943046206864423,0.7944634546327837,10,1.0,1.7451286377990927,0.40812480747699736,1.2371279001235962,0.45347236196170326,1.0,3,1.0,0.6581014368248866,0.49079129099845886,0.3428894877433777,3,1.0,27.571888365758138,1,8.444943575362125e-08,8.444943575362125e-08,1.000000016091192,0.0,1.6091191934464177e-08,1.0,21,1.3778885879472602e-07,3.06607075144708e-07,0.9999999896366577,1.0582286493064214e-07,8.792299478953072e-08,1.0,1.0,,25,24,0.96,0.74730372,0.778441375,89.326,339.932,351.47247246406084,0.21860882528437725,123,1.0,0.0,24,324.8039302018903,310.6420149939397,462.44955866947737,0.9241233827639306,0.0,0.0
SHAPY,img_07,image,ok,/workspace/evaluation/shapy/shapy_input/images/img_07.jpg,/workspace/evaluation/shapy/shapy_input/openpose/img_07.json,/workspace/evaluation/shapy/predictions_shapy/img_07/img_07.npz,/workspace/evaluation/shapy/predictions_shapy/img_07/img_07.ply,20.190969944000244,ok,,300,450,135000.0,1.0,19,"betas,body_pose,camera,center,faces,fname,focal_length_in_mm,focal_length_in_px,global_rot,joints,proj_joints,raw_body_pose,raw_global_rot,sensor_width,shift_x,shift_y,transl,v_shaped,vertices",10475,20908,1.0,1.0,0.8537068068981171,1.4653053283691406,0.7491864860057831,1.8539728715126518,0.9371881916419644,1.4653053283691406,0.8537068068981171,0.7491864860057831,1.0,1.0,1.0,1.0,1.8648511820707894,0.07384005203553419,,0.0,5.0,3,0.01180280553164732,0.010394262303789424,0.00019969603929546783,0.06841969330351091,8.919318835234309e-05,0.00013178681145113957,9.31165818868924e-08,0.0011322030414309358,0.0,npz_vertices_faces,123,1.0,0.8145202994346619,1.3605207800865173,0.6190420687198639,1.702255325761481,0.8502999149679725,10,1.0,2.900289846084537,0.7477893605828285,1.6763827800750732,0.9025587769534806,1.0,3,1.0,0.7552258664992293,0.6051723957061768,0.6051723957061768,3,1.0,22.112648448605853,1,5.447372466854596e-08,5.447372466854596e-08,0.999999992242532,0.0,7.757468001301504e-09,1.0,21,1.497300858116363e-07,2.626813370060484e-07,0.999999999678304,1.043661616876326e-07,9.059139555971691e-08,1.0,1.0,,25,17,0.68,0.48800876000000004,0.7176599411764706,255.18540000000002,352.69890000000004,435.3344719113914,0.6666934064893334,123,1.0,0.04878048780487805,17,254.64192207797956,241.81210047953041,345.86034149294494,0.5849339726301521,0.0,0.0
SHAPY,img_08,image,ok,/workspace/evaluation/shapy/shapy_input/images/img_08.jpg,/workspace/evaluation/shapy/shapy_input/openpose/img_08.json,/workspace/evaluation/shapy/predictions_shapy/img_08/img_08.npz,/workspace/evaluation/shapy/predictions_shapy/img_08/img_08.ply,21.55513906478882,ok,,300,450,135000.0,1.0,19,"betas,body_pose,camera,center,faces,fname,focal_length_in_mm,focal_length_in_px,global_rot,joints,proj_joints,raw_body_pose,raw_global_rot,sensor_width,shift_x,shift_y,transl,v_shaped,vertices",10475,20908,1.0,1.0,0.6071824729442596,1.602070689201355,0.6862642019987106,1.845605484277108,0.6675629829241627,1.602070689201355,0.6071824729442596,0.6862642019987106,1.0,1.0,1.0,1.0,1.6997787174106271,0.0633434340594672,,0.0,5.0,3,0.011402257555525735,0.009682693133647549,0.0002129806179109424,0.06333237186849602,8.129800638084117e-05,0.00011257517430435147,6.493115137405766e-08,0.0008603701573355823,0.0,npz_vertices_faces,123,1.0,0.5712916553020477,1.5140247344970703,0.5288917198777199,1.7024604263952483,0.7952364438989419,10,1.0,1.583925462377251,0.34851438328623774,1.0415810346603394,0.3986903535831186,1.0,3,1.0,0.7117156725710467,0.4879070222377777,0.4879070222377777,3,1.0,24.97577536200017,1,1.5501087147006627e-07,1.5501087147006627e-07,0.999999869213871,0.0,1.3078612903782982e-07,1.0,21,1.2959740538854312e-07,2.0003205721416566e-07,1.0000000181005175,7.909270261416176e-08,7.176276641183779e-08,1.0,1.0,,25,25,1.0,0.77040504,0.77040504,117.5273,341.433,361.0943917236738,0.2972422120066666,123,1.0,0.0,25,290.4699537281042,273.240571438599,437.36246039593794,0.8044155777151623,0.0,0.0
SHAPY,img_09,image,ok,/workspace/evaluation/shapy/shapy_input/images/img_09.jpg,/workspace/evaluation/shapy/shapy_input/openpose/img_09.json,/workspace/evaluation/shapy/predictions_shapy/img_09/img_09.npz,/workspace/evaluation/shapy/predictions_shapy/img_09/img_09.ply,20.91570615768433,ok,,300,450,135000.0,1.0,19,"betas,body_pose,camera,center,faces,fname,focal_length_in_mm,focal_length_in_px,global_rot,joints,proj_joints,raw_body_pose,raw_global_rot,sensor_width,shift_x,shift_y,transl,v_shaped,vertices",10475,20908,1.0,1.0,0.6524669229984283,1.595964789390564,0.6981323212385178,1.8601627435628811,0.7269751242618596,1.595964789390564,0.6524669229984283,0.6981323212385178,1.0,1.0,1.0,1.0,1.7116145955750635,0.06411155229126872,,0.0,5.0,3,0.011435997687317888,0.009725283050767728,0.00021413786576509767,0.06347119553404505,8.186409965444153e-05,0.0001135595885717952,6.498922104577056e-08,0.0008706087353781489,0.0,npz_vertices_faces,123,1.0,0.6018997132778168,1.5068596005439758,0.5413178242743015,1.7105362046658152,0.8007077646943052,10,1.0,1.5520271717081986,0.35023713260889056,1.050889492034912,0.39713690913173266,1.0,3,1.0,0.7018121988517829,0.4997527599334717,0.4997527599334717,3,1.0,21.86049804555246,1,8.248519942021296e-08,8.248519942021296e-08,1.0000000095650445,0.0,9.565044534198819e-09,1.0,21,1.3058165851856498e-07,2.1844041995513423e-07,0.9999999855754156,9.191165702457154e-08,8.293698594563637e-08,1.0,1.0,,25,16,0.64,0.41743228000000004,0.6522379375,132.5858,386.45160000000004,408.56313282551577,0.3795407003502223,123,1.0,0.0,16,276.98085416742447,251.75185897858165,423.72784424409565,0.6779389325999566,0.0,0.0
SHAPY,img_10,image,ok,/workspace/evaluation/shapy/shapy_input/images/img_10.jpg,/workspace/evaluation/shapy/shapy_input/openpose/img_10.json,/workspace/evaluation/shapy/predictions_shapy/img_10/img_10.npz,/workspace/evaluation/shapy/predictions_shapy/img_10/img_10.ply,20.48978352546692,ok,,300,450,135000.0,1.0,19,"betas,body_pose,camera,center,faces,fname,focal_length_in_mm,focal_length_in_px,global_rot,joints,proj_joints,raw_body_pose,raw_global_rot,sensor_width,shift_x,shift_y,transl,v_shaped,vertices",10475,20908,1.0,1.0,0.6279391944408417,1.6422991752624512,0.703589677810669,1.8938037511063446,0.7255867203752596,1.6422991752624512,0.6279391944408417,0.703589677810669,1.0,1.0,1.0,1.0,1.7584670846880412,0.06677956553399902,,0.0,5.0,3,0.011566942568688489,0.009857859008942019,0.0002120852399257069,0.06437169906673282,8.410498778879095e-05,0.00011692943744459512,7.272586688340069e-08,0.0008993516022970669,0.0,npz_vertices_faces,123,1.0,0.5983014702796936,1.5545706748962402,0.5390480235219002,1.7507790849359213,0.8056106634111134,10,1.0,1.416812321166692,0.36123762279748917,0.8692867755889893,0.3922438059326961,1.0,3,1.0,0.5232374932765536,0.3710993230342865,0.3710993230342865,3,1.0,25.951264368677545,1,2.597225120194827e-08,2.597225120194827e-08,0.9999999983384137,0.0,1.6615863129842978e-09,1.0,21,1.5450510792378182e-07,3.057866845583817e-07,1.000000009957683,1.1331545972330539e-07,8.935508925899697e-08,1.0,1.0,,25,25,1.0,0.6814820400000001,0.6814820400000001,151.3562,352.7611,383.86077287429356,0.3955005896579259,123,1.0,0.016260162601626018,25,274.4033040780769,246.18647284571543,429.46401408941523,0.7148511217319367,0.0,0.0
SHAPY,img_11,image,ok,/workspace/evaluation/shapy/shapy_input/images/img_11.jpg,/workspace/evaluation/shapy/shapy_input/openpose/img_11.json,/workspace/evaluation/shapy/predictions_shapy/img_11/img_11.npz,/workspace/evaluation/shapy/predictions_shapy/img_11/img_11.ply,21.169138431549072,ok,,300,375,112500.0,1.0,19,"betas,body_pose,camera,center,faces,fname,focal_length_in_mm,focal_length_in_px,global_rot,joints,proj_joints,raw_body_pose,raw_global_rot,sensor_width,shift_x,shift_y,transl,v_shaped,vertices",10475,20908,1.0,1.0,0.6885733604431152,1.5879846215248108,0.7092053145170212,1.8705081152057073,0.7754762300949987,1.5879846215248108,0.6885733604431152,0.7092053145170212,1.0,1.0,1.0,1.0,1.69058575630431,0.06249594238743289,,0.0,5.0,3,0.011376472894426655,0.009671729951224943,0.00021684759969016847,0.0632462179196147,8.085832008342788e-05,0.00011223303960563413,6.478070765367261e-08,0.000858696117426378,0.0,npz_vertices_faces,123,1.0,0.6389699876308441,1.499129444360733,0.5523103289306164,1.7206738318129113,0.8057089179726117,10,1.0,1.8117395599639199,0.3914477575570345,1.2723685503005981,0.48413334639174344,1.0,3,1.0,0.853658116979133,0.7026346325874329,0.4130201041698456,3,1.0,28.467206289636767,1,2.3180493043344745e-07,2.3180493043344745e-07,1.0000001486959365,0.0,1.4869593645272516e-07,1.0,21,1.2043564969489755e-07,3.124305090185829e-07,0.9999999646964749,8.305972185819653e-08,6.960420288285955e-08,1.0,1.0,,25,25,1.0,0.6306420800000001,0.6306420800000001,150.0418,312.52369999999996,346.67507093664807,0.4168143865836444,123,1.0,0.0,25,270.1764036233423,255.1234336504732,390.19672577356545,0.7793361169390652,0.0,0.0
SHAPY,img_12,image,ok,/workspace/evaluation/shapy/shapy_input/images/img_12.jpg,/workspace/evaluation/shapy/shapy_input/openpose/img_12.json,/workspace/evaluation/shapy/predictions_shapy/img_12/img_12.npz,/workspace/evaluation/shapy/predictions_shapy/img_12/img_12.ply,23.850870847702023,ok,,300,438,131400.0,1.0,19,"betas,body_pose,camera,center,faces,fname,focal_length_in_mm,focal_length_in_px,global_rot,joints,proj_joints,raw_body_pose,raw_global_rot,sensor_width,shift_x,shift_y,transl,v_shaped,vertices",10475,20908,1.0,1.0,0.706289529800415,1.5761576890945435,0.7227254509925842,1.8722847108038823,0.8045550812126419,1.5761576890945435,0.706289529800415,0.7227254509925842,1.0,1.0,1.0,1.0,1.6953038916862972,0.06328305126526765,,0.0,5.0,3,0.011387065586013207,0.00967235412308046,0.00021199766398752873,0.06374366876774354,8.108398181013475e-05,0.00011264898369594374,6.071511480314089e-08,0.0008583247335485423,0.0,npz_vertices_faces,123,1.0,0.6586996614933014,1.4860683679580688,0.5638949200510979,1.720541170433414,0.8029160418114235,10,1.0,1.628993719493921,0.3779715709388256,0.982804536819458,0.39378395241151865,1.0,3,1.0,0.5741853284416714,0.49143341183662415,0.21276527643203735,3,1.0,35.79046120120844,1,1.5650932274009837e-07,1.5650932274009837e-07,1.0000000060004774,0.0,6.000477448253605e-09,1.0,21,1.2852872935552251e-07,2.814847563220193e-07,0.9999999600331564,8.164628845928997e-08,6.80402787233718e-08,1.0,1.0,,25,24,0.96,0.6195917599999999,0.6454080833333334,170.2169,286.9312,333.6215019734939,0.3716936025668189,123,1.0,0.0,24,248.29103103836383,242.6739798773714,353.68160628601737,0.7442297021314007,0.0,0.0
SHAPY,img_13,image,ok,/workspace/evaluation/shapy/shapy_input/images/img_13.jpg,/workspace/evaluation/shapy/shapy_input/openpose/img_13.json,/workspace/evaluation/shapy/predictions_shapy/img_13/img_13.npz,/workspace/evaluation/shapy/predictions_shapy/img_13/img_13.ply,22.54919123649597,ok,,300,450,135000.0,1.0,19,"betas,body_pose,camera,center,faces,fname,focal_length_in_mm,focal_length_in_px,global_rot,joints,proj_joints,raw_body_pose,raw_global_rot,sensor_width,shift_x,shift_y,transl,v_shaped,vertices",10475,20908,1.0,1.0,0.6195966303348541,1.6605942845344543,0.6432352066040039,1.8855304010186889,0.6618238183726989,1.6605942845344543,0.6195966303348541,0.6432352066040039,1.0,1.0,1.0,1.0,1.7586226042737514,0.06673224522896942,,0.0,5.0,3,0.011547695471084727,0.009891368225168494,0.00022696061487013572,0.06439673353807558,8.411242607010481e-05,0.00011829764895845651,8.505529566053137e-08,0.0009103529057767465,0.0,npz_vertices_faces,123,1.0,0.5958569347858429,1.5727137327194214,0.4810621663928032,1.7492554929887094,0.7864234019236371,10,1.0,1.696506374489962,0.37662892080843446,1.156876564025879,0.5107330662805448,1.0,3,1.0,0.38435462038936713,0.3411237597465515,-0.17268376052379608,3,1.0,43.75484547797492,1,4.148061284561237e-08,4.148061284561237e-08,1.00000000396418,0.0,3.964180095294978e-09,1.0,21,1.3014118386982647e-07,3.0006850679462595e-07,0.9999999979368129,9.977078700098e-08,8.1610226967822e-08,1.0,1.0,,25,25,1.0,0.8012548799999999,0.8012548799999999,125.09,297.717,322.92866114515135,0.2758623668888889,123,1.0,0.07317073170731707,25,330.5189613694389,305.9041550607603,468.1467451990122,1.0235045727975065,0.0,0.0
SHAPY,img_14,image,ok,/workspace/evaluation/shapy/shapy_input/images/img_14.jpg,/workspace/evaluation/shapy/shapy_input/openpose/img_14.json,/workspace/evaluation/shapy/predictions_shapy/img_14/img_14.npz,/workspace/evaluation/shapy/predictions_shapy/img_14/img_14.ply,23.836852312088013,ok,,300,450,135000.0,1.0,19,"betas,body_pose,camera,center,faces,fname,focal_length_in_mm,focal_length_in_px,global_rot,joints,proj_joints,raw_body_pose,raw_global_rot,sensor_width,shift_x,shift_y,transl,v_shaped,vertices",10475,20908,1.0,1.0,0.7066037952899933,1.6044989228248596,0.7166383266448975,1.894010614563909,0.8124851399993864,1.6044989228248596,0.7066037952899933,0.7166383266448975,1.0,1.0,1.0,1.0,1.7069810382097383,0.0638691059491613,,0.0,5.0,3,0.011423587479975003,0.00970302878254736,0.00021373397434926324,0.06370643448066596,8.16424831743705e-05,0.00011332312376076646,6.429882084178225e-08,0.0008627037885533995,0.0,npz_vertices_faces,123,1.0,0.6666132509708405,1.5153315663337708,0.55662826821208,1.746550317417237,0.8114222109624659,10,1.0,1.5952905813137033,0.3723578818142414,1.0740859508514404,0.3891969572689168,1.0,3,1.0,0.4812291466445565,0.400595486164093,0.08062602579593658,3,1.0,32.40034709434076,1,3.418982496477683e-08,3.418982496477683e-08,1.0000000105585138,0.0,1.0558513841019135e-08,1.0,21,1.4311483902268205e-07,2.7164448099117e-07,1.0000000147248218,1.1016213347159546e-07,9.703948884654508e-08,1.0,1.0,,25,17,0.68,0.45590435999999995,0.6704475882352942,127.59959999999998,338.9522,362.1743389653662,0.3203715936231111,123,1.0,0.0,17,270.24586602739987,253.58558852323867,383.03571256485924,0.7461761835458001,0.0,0.0
SHAPY,img_15,image,ok,/workspace/evaluation/shapy/shapy_input/images/img_15.jpg,/workspace/evaluation/shapy/shapy_input/openpose/img_15.json,/workspace/evaluation/shapy/predictions_shapy/img_15/img_15.npz,/workspace/evaluation/shapy/predictions_shapy/img_15/img_15.ply,16.152265548706055,ok,,300,449,134700.0,1.0,19,"betas,body_pose,camera,center,faces,fname,focal_length_in_mm,focal_length_in_px,global_rot,joints,proj_joints,raw_body_pose,raw_global_rot,sensor_width,shift_x,shift_y,transl,v_shaped,vertices",10475,20908,1.0,1.0,0.6538807153701782,1.6408920288085938,0.699106752872467,1.8996938943031016,0.750104950140201,1.6408920288085938,0.6538807153701782,0.699106752872467,1.0,1.0,1.0,1.0,1.7201165426973724,0.06490385359197925,,0.0,5.0,3,0.011451726666220617,0.009713364327319746,0.00020617592151914768,0.06268901457471071,8.22707357326082e-05,0.0001138101760411214,6.429807970613295e-08,0.0008778034023339582,0.0,npz_vertices_faces,123,1.0,0.622965544462204,1.5498045682907104,0.5339949578046799,1.7536051107483313,0.7897520985450847,10,1.0,1.4407678833252286,0.34926415160298346,1.0059161186218262,0.335677834463081,1.0,3,1.0,0.3832250948054651,0.2720714211463928,0.2720714211463928,3,1.0,31.690463129183197,1,1.0852219796876076e-07,1.0852219796876076e-07,0.9999999418658736,0.0,5.8134126401654385e-08,1.0,21,1.3327526041634793e-07,3.2239288796718177e-07,0.999999995491324,1.1498884367895556e-07,9.30151024668477e-08,1.0,1.0,,25,25,1.0,0.73052744,0.73052744,121.3196,310.271,333.14642244088407,0.2794502866488493,123,1.0,0.0,25,303.58323644045026,278.48300648528055,433.733865540389,0.9112606829638709,0.0,0.0
SHAPY,img_16,image,ok,/workspace/evaluation/shapy/shapy_input/images/img_16.jpg,/workspace/evaluation/shapy/shapy_input/openpose/img_16.json,/workspace/evaluation/shapy/predictions_shapy/img_16/img_16.npz,/workspace/evaluation/shapy/predictions_shapy/img_16/img_16.ply,26.501261949539185,ok,,300,450,135000.0,1.0,19,"betas,body_pose,camera,center,faces,fname,focal_length_in_mm,focal_length_in_px,global_rot,joints,proj_joints,raw_body_pose,raw_global_rot,sensor_width,shift_x,shift_y,transl,v_shaped,vertices",10475,20908,1.0,1.0,0.6862142384052277,1.5912188291549683,0.7020148634910583,1.8696770340916486,0.7665419756220319,1.5912188291549683,0.6862142384052277,0.7020148634910583,1.0,1.0,1.0,1.0,1.6898474993018648,0.06282123681892407,,0.0,5.0,3,0.011371558666616202,0.009651808358112338,0.00021567817376047556,0.06284448466383113,8.082301029758297e-05,0.0001118918369627736,6.269711189872429e-08,0.0008532579011679237,0.0,npz_vertices_faces,123,1.0,0.6362435817718506,1.5022841691970825,0.546331025660038,1.720506091231528,0.8016189572496789,10,1.0,1.6252690944285013,0.3690901450812817,1.0466279983520508,0.4030912725159169,1.0,3,1.0,0.8738628675344952,0.6768515110015869,0.47744667530059814,3,1.0,29.639349995952482,1,8.029726027928234e-08,8.029726027928234e-08,0.999999977065448,0.0,2.293455203528083e-08,1.0,21,1.2991250056824353e-07,2.8299025154031425e-07,1.000000010136302,1.059834331330471e-07,8.558463574345357e-08,1.0,1.0,,25,25,1.0,0.654183732,0.654183732,93.87920000000001,290.10699999999997,304.91863774069304,0.20174083758814815,123,1.0,0.0,25,308.07359532047184,299.97824809864915,425.65055517718037,1.0103468833625768,0.0,0.0
SHAPY,img_17,image,ok,/workspace/evaluation/shapy/shapy_input/images/img_17.jpg,/workspace/evaluation/shapy/shapy_input/openpose/img_17.json,/workspace/evaluation/shapy/predictions_shapy/img_17/img_17.npz,/workspace/evaluation/shapy/predictions_shapy/img_17/img_17.ply,16.854491472244263,ok,,300,450,135000.0,1.0,19,"betas,body_pose,camera,center,faces,fname,focal_length_in_mm,focal_length_in_px,global_rot,joints,proj_joints,raw_body_pose,raw_global_rot,sensor_width,shift_x,shift_y,transl,v_shaped,vertices",10475,20908,1.0,1.0,0.6189802885055542,1.60734224319458,0.6922542750835419,1.8563139997553333,0.6887328920987181,1.60734224319458,0.6189802885055542,0.6922542750835419,1.0,1.0,1.0,1.0,1.7085339553918892,0.0636305834412078,,0.0,5.0,3,0.011429301170053767,0.009716008522294274,0.0002169611469769526,0.06336699603263922,8.171675700171654e-05,0.00011333097822611365,6.696290410052746e-08,0.0008654058407049606,0.0,npz_vertices_faces,123,1.0,0.5746093988418579,1.5195589661598206,0.537454254925251,1.7111669962371763,0.799753123777854,10,1.0,1.5650707471963305,0.33633341640233994,1.0675790309906006,0.4043624450279923,1.0,3,1.0,0.650303722082637,0.433088093996048,0.37258654832839966,3,1.0,24.93608038042878,1,7.894307516609132e-08,7.894307516609132e-08,0.9999999332901259,0.0,6.670987406920403e-08,1.0,21,1.2204586333564542e-07,3.4783467529951226e-07,1.0000000120642563,9.2676703974659e-08,7.082953826099639e-08,1.0,1.0,,25,24,0.96,0.62987592,0.65612075,141.3398,370.1698,396.2355611199984,0.3875535222077037,123,1.0,0.0,24,326.07318920613403,307.40155643036917,483.67967511671384,0.8229276248816649,0.0,0.0
SHAPY,img_18,image,ok,/workspace/evaluation/shapy/shapy_input/images/img_18.jpg,/workspace/evaluation/shapy/shapy_input/openpose/img_18.json,/workspace/evaluation/shapy/predictions_shapy/img_18/img_18.npz,/workspace/evaluation/shapy/predictions_shapy/img_18/img_18.ply,26.39296269416809,ok,,300,352,105600.0,1.0,19,"betas,body_pose,camera,center,faces,fname,focal_length_in_mm,focal_length_in_px,global_rot,joints,proj_joints,raw_body_pose,raw_global_rot,sensor_width,shift_x,shift_y,transl,v_shaped,vertices",10475,20908,1.0,1.0,0.7133737802505493,1.6331067085266113,0.720305785536766,1.9221810779584005,0.8391674093661042,1.6331067085266113,0.7133737802505493,0.720305785536766,1.0,1.0,1.0,1.0,1.7690371671413736,0.06693705898990993,,0.0,5.0,3,0.011605257516390934,0.009928325824713584,0.00021694787882124667,0.0649560647637301,8.46105398479708e-05,0.00011854375656832332,7.52601373464594e-08,0.0009025733065557568,0.0,npz_vertices_faces,123,1.0,0.6776667535305023,1.5455237030982971,0.5642869621515274,1.779408756113514,0.8194120071914458,10,1.0,1.5052517804008587,0.3738460384309292,0.98441481590271,0.4333630481372983,1.0,3,1.0,0.47063686481781786,0.35704702138900757,-0.27898305654525757,3,1.0,46.42637104869738,1,1.5443877091859615e-07,1.5443877091859615e-07,0.9999999030469796,0.0,9.695302038981168e-08,1.0,21,1.4508787690562937e-07,3.022888963342044e-07,0.9999999601306225,9.777857617615382e-08,8.741597811749778e-08,1.0,1.0,,25,25,1.0,0.7472586000000001,0.7472586000000001,67.80300000000001,314.2643,321.4954075309475,0.2017808933039773,123,1.0,0.04065040650406504,25,247.4882138372333,219.48107792385858,366.495998759544,0.7698032632500663,0.0,0.0
SHAPY,img_19,image,ok,/workspace/evaluation/shapy/shapy_input/images/img_19.jpg,/workspace/evaluation/shapy/shapy_input/openpose/img_19.json,/workspace/evaluation/shapy/predictions_shapy/img_19/img_19.npz,/workspace/evaluation/shapy/predictions_shapy/img_19/img_19.ply,22.64819073677063,ok,,300,449,134700.0,1.0,19,"betas,body_pose,camera,center,faces,fname,focal_length_in_mm,focal_length_in_px,global_rot,joints,proj_joints,raw_body_pose,raw_global_rot,sensor_width,shift_x,shift_y,transl,v_shaped,vertices",10475,20908,1.0,1.0,0.6710845530033112,1.582771897315979,0.7206089049577713,1.8640811543807088,0.7654118781511858,1.582771897315979,0.6710845530033112,0.7206089049577713,1.0,1.0,1.0,1.0,1.6887063914121518,0.06258336448279855,,0.0,5.0,3,0.011370513242637877,0.00965944066290645,0.00021320989175539892,0.06351657915500455,8.076843272489725e-05,0.00011223417260999487,6.107557956030818e-08,0.0008549767901003532,0.0,npz_vertices_faces,123,1.0,0.6341223120689392,1.493590921163559,0.5583721585571766,1.716014106555557,0.801305482797523,10,1.0,1.757377028769852,0.41594756469130517,1.155468463897705,0.44596469608560485,1.0,3,1.0,0.679720226389842,0.5702444314956665,0.2754289209842682,3,1.0,37.04818831656995,1,1.0608259351423525e-07,1.0608259351423525e-07,1.0000000732848153,0.0,7.328481532731246e-08,1.0,21,1.3350175464188465e-07,2.9021867826198426e-07,1.0000000067183543,9.409814626312405e-08,7.355570187331107e-08,1.0,1.0,,25,23,0.92,0.708911964,0.7705564826086958,76.388,267.71400000000006,278.39883681509883,0.15181987403118044,123,1.0,0.0,23,346.3150338308718,321.1236202992082,456.8347319857701,1.2439528763580294,0.0,0.0
SHAPY,img_20,image,ok,/workspace/evaluation/shapy/shapy_input/images/img_20.jpg,/workspace/evaluation/shapy/shapy_input/openpose/img_20.json,/workspace/evaluation/shapy/predictions_shapy/img_20/img_20.npz,/workspace/evaluation/shapy/predictions_shapy/img_20/img_20.ply,24.51045775413513,ok,,300,450,135000.0,1.0,19,"betas,body_pose,camera,center,faces,fname,focal_length_in_mm,focal_length_in_px,global_rot,joints,proj_joints,raw_body_pose,raw_global_rot,sensor_width,shift_x,shift_y,transl,v_shaped,vertices",10475,20908,1.0,1.0,0.6626572012901306,1.598126769065857,0.7145187258720398,1.8718068132284236,0.7566826274323266,1.598126769065857,0.6626572012901306,0.7145187258720398,1.0,1.0,1.0,1.0,1.7230587937917778,0.06476235514626673,,0.0,5.0,3,0.01146058563729652,0.009756042618864732,0.00020513271816997362,0.06401602566865969,8.24114594314032e-05,0.00011464326193966072,6.219973284634223e-08,0.0008786630154974374,0.0,npz_vertices_faces,123,1.0,0.6331496238708496,1.5081308484077454,0.5582432560622692,1.7282860397127173,0.8052041650343763,10,1.0,1.4626240964280715,0.3672062620520592,0.8767217397689819,0.3842081982320403,1.0,3,1.0,0.5066393847961449,0.41160354018211365,0.16684216260910034,3,1.0,35.2346929313522,1,1.9798320395978164e-07,1.9798320395978164e-07,0.9999998394271624,0.0,1.6057283758197372e-07,1.0,21,1.617561837252374e-07,3.0048631657131064e-07,1.0000000016884747,1.2049076479070243e-07,9.619381983553647e-08,1.0,1.0,,25,24,0.96,0.6614527200000001,0.68901325,88.828,297.7016,310.6712993286634,0.19588324240592594,123,1.0,0.0,24,313.6768966349589,300.35331345411976,427.0582841308451,1.009674525174325,0.0,0.0
SHAPY,img_21,image,ok,/workspace/evaluation/shapy/shapy_input/images/img_21.jpg,/workspace/evaluation/shapy/shapy_input/openpose/img_21.json,/workspace/evaluation/shapy/predictions_shapy/img_21/img_21.npz,/workspace/evaluation/shapy/predictions_shapy/img_21/img_21.ply,22.478523015975952,ok,,300,375,112500.0,1.0,19,"betas,body_pose,camera,center,faces,fname,focal_length_in_mm,focal_length_in_px,global_rot,joints,proj_joints,raw_body_pose,raw_global_rot,sensor_width,shift_x,shift_y,transl,v_shaped,vertices",10475,20908,1.0,1.0,0.6835401952266693,1.5696649551391602,0.7111265063285828,1.8538544111891933,0.7629883152220268,1.5696649551391602,0.6835401952266693,0.7111265063285828,1.0,1.0,1.0,1.0,1.684891484317509,0.06221725076630272,,0.0,5.0,3,0.011359940224323748,0.009658930852543043,0.00021441657496979756,0.0637091396931979,8.058597112672225e-05,0.00011213694216536138,6.190232148405951e-08,0.0008546993514512057,0.0,npz_vertices_faces,123,1.0,0.6347878873348236,1.480399489402771,0.5526246652007103,1.70291876809177,0.8000759471696485,10,1.0,1.802604930539727,0.41473193764686583,1.237511396408081,0.46287137062287237,1.0,3,1.0,0.6206263548536878,0.5491912364959717,0.1807451993227005,3,1.0,34.332747917196414,1,4.092042026853313e-08,4.092042026853313e-08,0.9999999706546407,0.0,2.93453592536963e-08,1.0,21,1.351065736131189e-07,3.027818727454239e-07,1.0000000272503766,1.0916359403424183e-07,9.241585804028081e-08,1.0,1.0,,25,25,1.0,0.78036752,0.78036752,107.31880000000001,305.19280000000003,323.511931781936,0.29113711168568895,123,1.0,0.0,25,251.4196624393333,231.61099550250248,362.5404480054891,0.7771573093285576,0.0,0.0
